Transformation,Goal,Target,Indicators
"1. Education, Gender, and Inequality",1. No Povery,1.1 Eradicate extreme poverty,"1.1.1 Proportion of the population living below the international poverty line by sex, age, employment status and geographic location (urban/rural)"
"1. Education, Gender, and Inequality",1. No Povery,1.2 Reduce at least by half the proportion of people living in poverty,"1.2.1 Proportion of population living below the national poverty line, by sex and age"
"1. Education, Gender, and Inequality",1. No Povery,1.2 Reduce at least by half the proportion of people living in poverty,"1.2.2 Proportion of men, women and children of all ages living in poverty in all its dimensions according to national definitions"
"1. Education, Gender, and Inequality",1. No Povery,1.3 Implement social protection systems,"1.3.1 Proportion of population covered by social protection floors/systems, by sex, distinguishing children, unemployed persons, older persons, persons with disabilities, pregnant women, newborns, work-injury victims and the poor and the vulnerable"
"1. Education, Gender, and Inequality",1. No Povery,1.4 Ensure equal rights to economic resources,1.4.1 Proportion of population living in households with access to basic services
"1. Education, Gender, and Inequality",1. No Povery,1.4 Ensure equal rights to economic resources,"1.4.2 Proportion of total adult population with secure tenure rights to land, (a) with legally recognized documentation, and (b) who perceive their rights to land as secure, by sex and type of tenure"
"1. Education, Gender, and Inequality",1. No Povery,1.5 Reduce exposure and vulnerability to climate-related extreme events,"1.5.1 Number of deaths, missing persons and directly affected persons attributed to disasters per 100,000 population"
"1. Education, Gender, and Inequality",1. No Povery,1.5 Reduce exposure and vulnerability to climate-related extreme events,1.5.2 Direct economic loss attributed to disasters in relation to global gross domestic product (GDP)
"1. Education, Gender, and Inequality",1. No Povery,1.5 Reduce exposure and vulnerability to climate-related extreme events,1.5.3 Number of countries that adopt and implement national disaster risk reduction strategies in line with the Sendai Framework for Disaster Risk Reduction 2015–2030
"1. Education, Gender, and Inequality",1. No Povery,1.5 Reduce exposure and vulnerability to climate-related extreme events,1.5.4 Proportion of local governments that adopt and implement local disaster risk reduction strategies in line with national disaster risk reduction strategies
"1. Education, Gender, and Inequality",1. No Povery,1.a Ensure significant mobilization of resources,1.a.1 Total official development assistance grants from all donors that focus on poverty reduction as a share of the recipient country’s gross national income
"1. Education, Gender, and Inequality",1. No Povery,1.a Ensure significant mobilization of resources,"1.a.2 Proportion of total government spending on essential services (education, health and social protection)"
"1. Education, Gender, and Inequality",1. No Povery,1.b Create policy frameworks to support investment in poverty eradication,1.b.1 Pro-poor public social spending
"4. Sustainable Food, Land, Water, and Oceans",2. Zero Hunger,2.1 End hunger for all,2.1.1 Prevalence of undernourishment
"4. Sustainable Food, Land, Water, and Oceans",2. Zero Hunger,2.1 End hunger for all,"2.1.2 Prevalence of moderate or severe food insecurity in the population, based on the Food Insecurity Experience Scale (FIES)"
"4. Sustainable Food, Land, Water, and Oceans",2. Zero Hunger,2.2 End all forms of malnutrition,2.2.1 Prevalence of stunting (height for age <-2 standard deviation from the median of the World Health Organization (WHO) Child Growth Standards) among children under 5 years of age
"4. Sustainable Food, Land, Water, and Oceans",2. Zero Hunger,2.2 End all forms of malnutrition,"2.2.2 Prevalence of malnutrition (weight for height >+2 or <-2 standard deviation from the median of the WHO Child Growth Standards) among children under 5 years of age, by type (wasting and overweight)"
"4. Sustainable Food, Land, Water, and Oceans",2. Zero Hunger,2.2 End all forms of malnutrition,"2.2.3 Prevalence of anaemia in women aged 15 to 49 years, by pregnancy status (percentage)"
"4. Sustainable Food, Land, Water, and Oceans",2. Zero Hunger,2.3 Double the agricultural productivity and incomes of small-scale food producers,2.3.1 Volume of production per labour unit by classes of farming/pastoral/forestry enterprise size
"4. Sustainable Food, Land, Water, and Oceans",2. Zero Hunger,2.3 Double the agricultural productivity and incomes of small-scale food producers,"2.3.2 Average income of small-scale food producers, by sex and indigenous status"
"4. Sustainable Food, Land, Water, and Oceans",2. Zero Hunger,2.4 Ensure sustainable food production systems,2.4.1 Proportion of agricultural area under productive and sustainable agriculture
"4. Sustainable Food, Land, Water, and Oceans",2. Zero Hunger,"2.5 Maintain the genetic diversity of seeds, cultivated plants and farmed and domesticated animals",2.5.1 Number of (a) plant and (b) animal genetic resources for food and agriculture secured in either medium- or long-term conservation facilities
"4. Sustainable Food, Land, Water, and Oceans",2. Zero Hunger,"2.5 Maintain the genetic diversity of seeds, cultivated plants and farmed and domesticated animals",2.5.2 Proportion of local breeds classified as being at risk of extinction
"4. Sustainable Food, Land, Water, and Oceans",2. Zero Hunger,"2.a Increase investment in rural infrastructure, agricultural research and echnology development",2.a.1 The agriculture orientation index for government expenditures
"4. Sustainable Food, Land, Water, and Oceans",2. Zero Hunger,"2.a Increase investment in rural infrastructure, agricultural research and echnology development",2.a.2 Total official flows (official development assistance plus other official flows) to the agriculture sector
"4. Sustainable Food, Land, Water, and Oceans",2. Zero Hunger,2.b Correct and prevent trade restrictions and distortions,2.b.1 Agricultural export subsidies
"4. Sustainable Food, Land, Water, and Oceans",2. Zero Hunger,2.c Ensure the proper functioning of food commodity markets,2.c.1 Indicator of food price anomalies
"2. Health, Wellbeing, and Demography",3. Good Health and Well-Being,3.1 Reduce global maternal mortality ratio,3.1.1 Maternal mortality ratio
"2. Health, Wellbeing, and Demography",3. Good Health and Well-Being,3.1 Reduce global maternal mortality ratio,3.1.2 Proportion of births attended by skilled health personnel
"2. Health, Wellbeing, and Demography",3. Good Health and Well-Being,3.2 End preventable deaths of newborns and children under 5 years of age,3.2.1 Under‑5 mortality rate
"2. Health, Wellbeing, and Demography",3. Good Health and Well-Being,3.2 End preventable deaths of newborns and children under 5 years of age,3.2.2 Neonatal mortality rate
"2. Health, Wellbeing, and Demography",3. Good Health and Well-Being,"3.3 End the epidemics of AIDS, tuberculosis, malaria and other communicable diseases","3.3.1 Number of new HIV infections per 1,000 uninfected population, by sex, age and key populations"
"2. Health, Wellbeing, and Demography",3. Good Health and Well-Being,"3.3 End the epidemics of AIDS, tuberculosis, malaria and other communicable diseases","3.3.2 Tuberculosis incidence per 100,000 population"
"2. Health, Wellbeing, and Demography",3. Good Health and Well-Being,"3.3 End the epidemics of AIDS, tuberculosis, malaria and other communicable diseases","3.3.3 Malaria incidence per 1,000 population"
"2. Health, Wellbeing, and Demography",3. Good Health and Well-Being,"3.3 End the epidemics of AIDS, tuberculosis, malaria and other communicable diseases","3.3.4 Hepatitis B incidence per 100,000 population"
"2. Health, Wellbeing, and Demography",3. Good Health and Well-Being,"3.3 End the epidemics of AIDS, tuberculosis, malaria and other communicable diseases",3.3.5 Number of people requiring interventions against neglected tropical diseases
"2. Health, Wellbeing, and Demography",3. Good Health and Well-Being,3.4 Reduce by one third premature mortality from non-communicable diseases,"3.4.1 Mortality rate attributed to cardiovascular disease, cancer, diabetes or chronic respiratory disease"
"2. Health, Wellbeing, and Demography",3. Good Health and Well-Being,3.4 Reduce by one third premature mortality from non-communicable diseases,3.4.2 Suicide mortality rate
"2. Health, Wellbeing, and Demography",3. Good Health and Well-Being,3.5 Strengthen the prevention and treatment of substance abuse,"3.5.1 Coverage of treatment interventions (pharmacological, psychosocial and rehabilitation and aftercare services) for substance use disorders"
"2. Health, Wellbeing, and Demography",3. Good Health and Well-Being,3.5 Strengthen the prevention and treatment of substance abuse,3.5.2 Alcohol per capita consumption (aged 15 years and older) within a calendar year in litres of pure alcohol
"2. Health, Wellbeing, and Demography",3. Good Health and Well-Being,3.6 Halve the number of global deaths and injuries from road traffic accidents,3.6.1 Death rate due to road traffic injuries
"2. Health, Wellbeing, and Demography",3. Good Health and Well-Being,3.7 Ensure universal access to sexual and reproductive health-care services,3.7.1 Proportion of women of reproductive age (aged 15–49 years) who have their need for family planning satisfied with modern methods
"2. Health, Wellbeing, and Demography",3. Good Health and Well-Being,3.7 Ensure universal access to sexual and reproductive health-care services,"3.7.2 Adolescent birth rate (aged 10–14 years; aged 15–19 years) per 1,000 women in that age group"
"2. Health, Wellbeing, and Demography",3. Good Health and Well-Being,3.8 Achieve universal health coverage,3.8.1 Coverage of essential health services
"2. Health, Wellbeing, and Demography",3. Good Health and Well-Being,3.8 Achieve universal health coverage,3.8.2 Proportion of population with large household expenditures on health as a share of total household expenditure or income
"2. Health, Wellbeing, and Demography",3. Good Health and Well-Being,3.9 Reduce the number of deaths and illnesses from hazardous chemicals and pollutions,3.9.1 Mortality rate attributed to household and ambient air pollution
"2. Health, Wellbeing, and Demography",3. Good Health and Well-Being,3.9 Reduce the number of deaths and illnesses from hazardous chemicals and pollutions,"3.9.2 Mortality rate attributed to unsafe water, unsafe sanitation and lack of hygiene (exposure to unsafe Water, Sanitation and Hygiene for All (WASH) services)"
"2. Health, Wellbeing, and Demography",3. Good Health and Well-Being,3.9 Reduce the number of deaths and illnesses from hazardous chemicals and pollutions,3.9.3 Mortality rate attributed to unintentional poisoning
"2. Health, Wellbeing, and Demography",3. Good Health and Well-Being,3.a Strengthen the implementation of the World Health Organization Framework Convention on Tobacco Control,3.a.1 Age-standardized prevalence of current tobacco use among persons aged 15 years and older
"2. Health, Wellbeing, and Demography",3. Good Health and Well-Being,3.b Support the R&D of vaccines and medicines for the communicable and non‑communicable diseases,3.b.1 Proportion of the target population covered by all vaccines included in their national programme
"2. Health, Wellbeing, and Demography",3. Good Health and Well-Being,3.b Support the R&D of vaccines and medicines for the communicable and non‑communicable diseases,3.b.2 Total net official development assistance to medical research and basic health sectors
"2. Health, Wellbeing, and Demography",3. Good Health and Well-Being,3.b Support the R&D of vaccines and medicines for the communicable and non‑communicable diseases,3.b.3 Proportion of health facilities that have a core set of relevant essential medicines available and affordable on a sustainable basis
"2. Health, Wellbeing, and Demography",3. Good Health and Well-Being,3.c Substantially increase health financing and the development of the health workforce,3.c.1 Health worker density and distribution
"2. Health, Wellbeing, and Demography",3. Good Health and Well-Being,"3.d Strengthen the capacity of early warning, risk reduction and management of national and global health risks",3.d.1 International Health Regulations (IHR) capacity and health emergency preparedness
"2. Health, Wellbeing, and Demography",3. Good Health and Well-Being,"3.d Strengthen the capacity of early warning, risk reduction and management of national and global health risks",3.d.2 Percentage of bloodstream infections due to selected antimicrobial-resistant organisms
"1. Education, Gender, and Inequality",4. Quality Education,"4.1 Ensure complete free, equitable and quality primary and secondary education","4.1.1 Proportion of children and young people (a) in grades 2/3; (b) at the end of primary; and (c) at the end of lower secondary achieving at least a minimum proficiency level in (i) reading and (ii) mathematics, by sex"
"1. Education, Gender, and Inequality",4. Quality Education,"4.1 Ensure complete free, equitable and quality primary and secondary education","4.1.2 Completion rate (primary education, lower secondary education, upper secondary education)"
"1. Education, Gender, and Inequality",4. Quality Education,4.2 Ensure quality early childhood development,"4.2.1 Proportion of children aged 24–59 months who are developmentally on track in health, learning and psychosocial well-being, by sex"
"1. Education, Gender, and Inequality",4. Quality Education,4.2 Ensure quality early childhood development,"4.2.2 Participation rate in organized learning (one year before the official primary entry age), by sex"
"1. Education, Gender, and Inequality",4. Quality Education,"4.3 Ensure equal access to affordable and quality technical, vocational and tertiary education","4.3.1 Participation rate of youth and adults in formal and non-formal education and training in the previous 12 months, by sex"
"1. Education, Gender, and Inequality",4. Quality Education,"4.4 Increase the number of youth and adults who have relevant skills for employment, decent jobs and entrepreneurship","4.4.1 Proportion of youth and adults with information and communications technology (ICT) skills, by type of skill"
"1. Education, Gender, and Inequality",4. Quality Education,4.5 Eliminate gender disparities in education,"4.5.1 Parity indices (female/male, rural/urban, bottom/top wealth quintile and others such as disability status, indigenous peoples and conflict-affected, as data become available) for all education indicators on this list that can be disaggregated"
"1. Education, Gender, and Inequality",4. Quality Education,4.6 Ensure that all youth and a substantial proportion of adults achieve literacy and numeracy,"4.6.1 Proportion of population in a given age group achieving at least a fixed level of proficiency in functional (a) literacy and (b) numeracy skills, by sex"
"1. Education, Gender, and Inequality",4. Quality Education,4.7 Ensure that all learners acquire the knowledge and skills needed to promote sustainable development,4.7.1 Extent to which (i) global citizenship education and (ii) education for sustainable development are mainstreamed in (a) national education policies; (b) curricula; (c) teacher education; and (d) student assessment
"1. Education, Gender, and Inequality",4. Quality Education,4.a Build and upgrade education facilities,"4.a.1 Proportion of schools offering basic services, by type of service"
"1. Education, Gender, and Inequality",4. Quality Education,4.b Epand globally the number of scholarships available to developing countries,4.b.1 Volume of official development assistance flows for scholarships by sector and type of study
"1. Education, Gender, and Inequality",4. Quality Education,4.c Increase the supply of qualified teachers,"4.c.1 Proportion of teachers with the minimum required qualifications, by education level"
"1. Education, Gender, and Inequality",5. Gender Equality,5.1 End discrimination against all women and girls,"5.1.1 Whether or not legal frameworks are in place to promote, enforce and monitor equality and non‑discrimination on the basis of sex"
"1. Education, Gender, and Inequality",5. Gender Equality,5.2 Eliminate violence against all women and girls,"5.2.1 Proportion of ever-partnered women and girls aged 15 years and older subjected to physical, sexual or psychological violence by a current or former intimate partner in the previous 12 months, by form of violence and by age"
"1. Education, Gender, and Inequality",5. Gender Equality,5.2 Eliminate violence against all women and girls,"5.2.2 Proportion of women and girls aged 15 years and older subjected to sexual violence by persons other than an intimate partner in the previous 12 months, by age and place of occurrence"
"1. Education, Gender, and Inequality",5. Gender Equality,5.3 Eliminate all harmful practices,5.3.1 Proportion of women aged 20–24 years who were married or in a union before age 15 and before age 18
"1. Education, Gender, and Inequality",5. Gender Equality,5.3 Eliminate all harmful practices,"5.3.2 Proportion of girls and women aged 15–49 years who have undergone female genital mutilation/cutting, by age"
"1. Education, Gender, and Inequality",5. Gender Equality,5.4 Recognize and value unpaid care and domestic work,"5.4.1 Proportion of time spent on unpaid domestic and care work, by sex, age and location"
"1. Education, Gender, and Inequality",5. Gender Equality,5.5 Ensure women’s full and effective participation and equal opportunities for leadership,5.5.1 Proportion of seats held by women in (a) national parliaments and (b) local governments
"1. Education, Gender, and Inequality",5. Gender Equality,5.5 Ensure women’s full and effective participation and equal opportunities for leadership,5.5.2 Proportion of women in managerial positions
"1. Education, Gender, and Inequality",5. Gender Equality,5.6 Ensure universal access to sexual and reproductive health and reproductive rights,"5.6.1 Proportion of women aged 15–49 years who make their own informed decisions regarding sexual relations, contraceptive use and reproductive health care"
"1. Education, Gender, and Inequality",5. Gender Equality,5.6 Ensure universal access to sexual and reproductive health and reproductive rights,"5.6.2 Number of countries with laws and regulations that guarantee full and equal access to women and men aged 15 years and older to sexual and reproductive health care, information and education"
"1. Education, Gender, and Inequality",5. Gender Equality,5.a Undertake reforms to give women equal rights to economic resources,"5.a.1 (a) Proportion of total agricultural population with ownership or secure rights over agricultural land, by sex; and (b) share of women among owners or rights-bearers of agricultural land, by type of tenure"
"1. Education, Gender, and Inequality",5. Gender Equality,5.a Undertake reforms to give women equal rights to economic resources,5.a.2 Proportion of countries where the legal framework (including customary law) guarantees women’s equal rights to land ownership and/or control
"1. Education, Gender, and Inequality",5. Gender Equality,5.b Enhance the use of enabling technology,"5.b.1 Proportion of individuals who own a mobile telephone, by sex"
"1. Education, Gender, and Inequality",5. Gender Equality,5.c Adopt and strengthen policies and enforceable legislation for the promotion of gender equality,5.c.1 Proportion of countries with systems to track and make public allocations for gender equality and women’s empowerment
"4. Sustainable Food, Land, Water, and Oceans",6. Clean Water and Sanitation,6.1 Achieve universal and equitable access to safe and affordable drinking water,6.1.1 Proportion of population using safely managed drinking water services
"4. Sustainable Food, Land, Water, and Oceans",6. Clean Water and Sanitation,6.2 Achieve access to adequate and equitable sanitation and hygiene,6.2.1 Proportion of population using (a) safely managed sanitation services and (b) a hand-washing facility with soap and water
"4. Sustainable Food, Land, Water, and Oceans",6. Clean Water and Sanitation,6.3 Improve water quality by reducing pollution,6.3.1 Proportion of domestic and industrial wastewater flows safely treated
"4. Sustainable Food, Land, Water, and Oceans",6. Clean Water and Sanitation,6.3 Improve water quality by reducing pollution,6.3.2 Proportion of bodies of water with good ambient water quality
"4. Sustainable Food, Land, Water, and Oceans",6. Clean Water and Sanitation,6.4 Increase water-use efficiency,6.4.1 Change in water-use efficiency over time
"4. Sustainable Food, Land, Water, and Oceans",6. Clean Water and Sanitation,6.4 Increase water-use efficiency,6.4.2 Level of water stress: freshwater withdrawal as a proportion of available freshwater resources
"4. Sustainable Food, Land, Water, and Oceans",6. Clean Water and Sanitation,6.5 Implement integrated water resources management,6.5.1 Degree of integrated water resources management
"4. Sustainable Food, Land, Water, and Oceans",6. Clean Water and Sanitation,6.5 Implement integrated water resources management,6.5.2 Proportion of transboundary basin area with an operational arrangement for water cooperation
"4. Sustainable Food, Land, Water, and Oceans",6. Clean Water and Sanitation,6.6 Protect and restore water-related ecosystems,6.6.1 Change in the extent of water-related ecosystems over time
"4. Sustainable Food, Land, Water, and Oceans",6. Clean Water and Sanitation,6.a Expand international cooperation and capacity-building support to developing countries,6.a.1 Amount of water- and sanitation-related official development assistance that is part of a government-coordinated spending plan
"4. Sustainable Food, Land, Water, and Oceans",6. Clean Water and Sanitation,6.b Support and strengthen the participation of local communities in improving water and sanitation management,6.b.1 Proportion of local administrative units with established and operational policies and procedures for participation of local communities in water and sanitation management
3. Energy Decarbonisation and Sustainable Industry,7. Affordable and Clean Energy,"7.1 Ensure universal access to affordable, reliable and modern energy services",7.1.1 Proportion of population with access to electricity
3. Energy Decarbonisation and Sustainable Industry,7. Affordable and Clean Energy,"7.1 Ensure universal access to affordable, reliable and modern energy services",7.1.2 Proportion of population with primary reliance on clean fuels and technology
3. Energy Decarbonisation and Sustainable Industry,7. Affordable and Clean Energy,7.2 Increase substantially the share of renewable energy in the global energy mix,7.2.1 Renewable energy share in the total final energy consumption
3. Energy Decarbonisation and Sustainable Industry,7. Affordable and Clean Energy,7.3 Double the global rate of improvement in energy efficiency,7.3.1 Energy intensity measured in terms of primary energy and GDP
3. Energy Decarbonisation and Sustainable Industry,7. Affordable and Clean Energy,7.a Enhance international cooperation to facilitate access to clean energy research and technology,"7.a.1 International financial flows to developing countries in support of clean energy research and development and renewable energy production, including in hybrid systems"
3. Energy Decarbonisation and Sustainable Industry,7. Affordable and Clean Energy,7.b Expand infrastructure and upgrade technology for supplying modern and sustainable energy services for all in developing countries,7.b.1 Installed renewable energy-generating capacity in developing countries (in watts per capita)
Other,8. Decent Work and Economic Growth,8.1 Sustain per capita economic growth,8.1.1 Annual growth rate of real GDP per capita
Other,8. Decent Work and Economic Growth,8.2 Achieve higher levels of economic productivity,8.2.1 Annual growth rate of real GDP per employed person
Other,8. Decent Work and Economic Growth,"8.3 Promote development-oriented policies that support productive activities, decent job creation, entrepreneurship","8.3.1 Proportion of informal employment in total employment, by sector and sex"
Other,8. Decent Work and Economic Growth,8.4 Improve global resource efficiency in consumption and production,"8.4.1 Material footprint, material footprint per capita, and material footprint per GDP"
Other,8. Decent Work and Economic Growth,8.4 Improve global resource efficiency in consumption and production,"8.4.2 Domestic material consumption, domestic material consumption per capita, and domestic material consumption per GDP"
Other,8. Decent Work and Economic Growth,8.5 Achieve full and productive employment and decent work for all,"8.5.1 Average hourly earnings of employees, by sex, age, occupation and persons with disabilities"
Other,8. Decent Work and Economic Growth,8.5 Achieve full and productive employment and decent work for all,"8.5.2 Unemployment rate, by sex, age and persons with disabilities"
Other,8. Decent Work and Economic Growth,"8.6 Reduce the proportion of youth not in employment, education or training","8.6.1 Proportion of youth (aged 15–24 years) not in education, employment or training"
Other,8. Decent Work and Economic Growth,"8.7 Eradicate forced labour, end modern slavery and human trafficking","8.7.1 Proportion and number of children aged 5–17 years engaged in child labour, by sex and age"
Other,8. Decent Work and Economic Growth,8.8 Protect labour rights and promote safe and secure working environments for all,"8.8.1 Fatal and non-fatal occupational injuries per 100,000 workers, by sex and migrant status"
Other,8. Decent Work and Economic Growth,8.8 Protect labour rights and promote safe and secure working environments for all,"8.8.2 Level of national compliance with labour rights (freedom of association and collective bargaining) based on International Labour Organization (ILO) textual sources and national legislation, by sex and migrant status"
Other,8. Decent Work and Economic Growth,8.9 Devise and implement policies to promote sustainable tourism,8.9.1 Tourism direct GDP as a proportion of total GDP and in growth rate
Other,8. Decent Work and Economic Growth,8.10 Strengthen the capacity of domestic financial institutions,"8.10.1 (a) Number of commercial bank branches per 100,000 adults and (b) number of automated teller machines (ATMs) per 100,000 adults"
Other,8. Decent Work and Economic Growth,8.10 Strengthen the capacity of domestic financial institutions,8.10.2 Proportion of adults (15 years and older) with an account at a bank or other financial institution or with a mobile-money-service provider
Other,8. Decent Work and Economic Growth,8.a Increase Aid for Trade support for developing countries,8.a.1 Aid for Trade commitments and disbursements
Other,8. Decent Work and Economic Growth,8.b Develop and operationalize a global strategy for youth employment,"8.b.1 Existence of a developed and operationalized national strategy for youth employment, as a distinct strategy or as part of a national employment strategy"
6. Digital Revolution for Sustainable Development,"9. Industry, Innovation, and Infrastructure","9.1 Develop quality, reliable, sustainable and resilient infrastructure",9.1.1 Proportion of the rural population who live within 2 km of an all-season road
6. Digital Revolution for Sustainable Development,"9. Industry, Innovation, and Infrastructure","9.1 Develop quality, reliable, sustainable and resilient infrastructure","9.1.2 Passenger and freight volumes, by mode of transport"
6. Digital Revolution for Sustainable Development,"9. Industry, Innovation, and Infrastructure",9.2 Promote inclusive and sustainable industrialization,9.2.1 Manufacturing value added as a proportion of GDP and per capita
6. Digital Revolution for Sustainable Development,"9. Industry, Innovation, and Infrastructure",9.2 Promote inclusive and sustainable industrialization,9.2.2 Manufacturing employment as a proportion of total employment
6. Digital Revolution for Sustainable Development,"9. Industry, Innovation, and Infrastructure",9.3 Increase the access of small-scale industrial and other enterprises,9.3.1 Proportion of small-scale industries in total industry value added
6. Digital Revolution for Sustainable Development,"9. Industry, Innovation, and Infrastructure",9.3 Increase the access of small-scale industrial and other enterprises,9.3.2 Proportion of small-scale industries with a loan or line of credit
6. Digital Revolution for Sustainable Development,"9. Industry, Innovation, and Infrastructure",9.4 Upgrade infrastructure and retrofit industries to make them sustainable,9.4.1 CO2 emission per unit of value added
6. Digital Revolution for Sustainable Development,"9. Industry, Innovation, and Infrastructure","9.5 Enhance scientific research, upgrade the technological capabilities of industrial sectors",9.5.1 Research and development expenditure as a proportion of GDP
6. Digital Revolution for Sustainable Development,"9. Industry, Innovation, and Infrastructure","9.5 Enhance scientific research, upgrade the technological capabilities of industrial sectors",9.5.2 Researchers (in full-time equivalent) per million inhabitants
6. Digital Revolution for Sustainable Development,"9. Industry, Innovation, and Infrastructure",9.a Facilitate sustainable and resilient infrastructure development in developing countries,9.a.1 Total official international support (official development assistance plus other official flows) to infrastructure
6. Digital Revolution for Sustainable Development,"9. Industry, Innovation, and Infrastructure","9.b Support domestic technology development, research and innovation in developing countries",9.b.1 Proportion of medium and high-tech industry value added in total value added
6. Digital Revolution for Sustainable Development,"9. Industry, Innovation, and Infrastructure",9.c Significantly increase access to information and communications technology,"9.c.1 Proportion of population covered by a mobile network, by technology"
"1. Education, Gender, and Inequality",10. Reduced Inequalities,10.1 Achieve and sustain income growth of the bottom 40 per cent of the population,10.1.1 Growth rates of household expenditure or income per capita among the bottom 40 per cent of the population and the total population
"1. Education, Gender, and Inequality",10. Reduced Inequalities,"10.2 Empower and promote the social, economic and political inclusion of all","10.2.1 Proportion of people living below 50 per cent of median income, by sex, age and persons with disabilities"
"1. Education, Gender, and Inequality",10. Reduced Inequalities,10.3 Ensure equal opportunity and reduce inequalities of outcome,10.3.1 Proportion of population reporting having personally felt discriminated against or harassed in the previous 12 months on the basis of a ground of discrimination prohibited under international human rights law
"1. Education, Gender, and Inequality",10. Reduced Inequalities,"10.4 Adopt policies, especially fiscal, wage and social protection policies",10.4.1 Labour share of GDP
"1. Education, Gender, and Inequality",10. Reduced Inequalities,"10.4 Adopt policies, especially fiscal, wage and social protection policies",10.4.2 Redistributive impact of fiscal policy2
"1. Education, Gender, and Inequality",10. Reduced Inequalities,10.5 Improve the regulation and monitoring of global financial markets and institutions,10.5.1 Financial Soundness Indicators
"1. Education, Gender, and Inequality",10. Reduced Inequalities,10.6 Ensure enhanced representation and voice for developing countries,10.6.1 Proportion of members and voting rights of developing countries in international organizations
"1. Education, Gender, and Inequality",10. Reduced Inequalities,"10.7 Facilitate orderly, safe, regular and responsible migration and mobility of people",10.7.1 Recruitment cost borne by employee as a proportion of monthly income earned in country of destination
"1. Education, Gender, and Inequality",10. Reduced Inequalities,"10.7 Facilitate orderly, safe, regular and responsible migration and mobility of people","10.7.2 Number of countries with migration policies that facilitate orderly, safe, regular and responsible migration and mobility of people"
"1. Education, Gender, and Inequality",10. Reduced Inequalities,"10.7 Facilitate orderly, safe, regular and responsible migration and mobility of people",10.7.3 Number of people who died or disappeared in the process of migration towards an international destination
"1. Education, Gender, and Inequality",10. Reduced Inequalities,"10.7 Facilitate orderly, safe, regular and responsible migration and mobility of people","10.7.4 Proportion of the population who are refugees, by country of origin"
"1. Education, Gender, and Inequality",10. Reduced Inequalities,10.a Implement the principle of special and differential treatment for developing countries,10.a.1 Proportion of tariff lines applied to imports from least developed countries and developing countries with zero-tariff
"1. Education, Gender, and Inequality",10. Reduced Inequalities,10.b Encourage official development assistance and financial flows,"10.b.1 Total resource flows for development, by recipient and donor countries and type of flow (e.g. official development assistance, foreign direct investment and other flows)"
"1. Education, Gender, and Inequality",10. Reduced Inequalities,10.c Reduce to less than 3 per cent the transaction costs of migrant remittances,10.c.1 Remittance costs as a proportion of the amount remitted
5. Sustainable Cities and Communities,11. Sustainable Cities and Communities,"11.1 Ensure access for all to adequate, safe and affordable housing","11.1.1 Proportion of urban population living in slums, informal settlements or inadequate housing"
5. Sustainable Cities and Communities,11. Sustainable Cities and Communities,"11.2 Provide access to safe, affordable, accessible and sustainable transport systems","11.2.1 Proportion of population that has convenient access to public transport, by sex, age and persons with disabilities"
5. Sustainable Cities and Communities,11. Sustainable Cities and Communities,11.3 Enhance inclusive and sustainable urbanization and capacity for participatory,11.3.1 Ratio of land consumption rate to population growth rate
5. Sustainable Cities and Communities,11. Sustainable Cities and Communities,11.3.2 Proportion of cities with a direct participation structure of civil society in urban planning and management that operate regularly and democratically,
5. Sustainable Cities and Communities,11. Sustainable Cities and Communities,11.4 Strengthen efforts to protect and safeguard the world’s cultural and natural heritage,"11.4.1 Total per capita expenditure on the preservation, protection and conservation of all cultural and natural heritage, by source of funding (public, private), type of heritage (cultural, natural) and level of government (national, regional, and local/municipal)"
5. Sustainable Cities and Communities,11. Sustainable Cities and Communities,11.5 Reduce the number of deaths and the number of people affected caused by disasters,"11.5.1 Number of deaths, missing persons and directly affected persons attributed to disasters per 100,000 population"
5. Sustainable Cities and Communities,11. Sustainable Cities and Communities,11.5 Reduce the number of deaths and the number of people affected caused by disasters,11.5.2 Direct economic loss attributed to disasters in relation to global gross domestic product (GDP)
5. Sustainable Cities and Communities,11. Sustainable Cities and Communities,11.5 Reduce the number of deaths and the number of people affected caused by disasters,"11.5.3 (a) Damage to critical infrastructure and (b) number of disruptions to basic services, attributed to disasters"
5. Sustainable Cities and Communities,11. Sustainable Cities and Communities,11.6 Reduce the adverse per capita environmental impact of cities,"11.6.1 Proportion of municipal solid waste collected and managed in controlled facilities out of total municipal waste generated, by cities"
5. Sustainable Cities and Communities,11. Sustainable Cities and Communities,11.6 Reduce the adverse per capita environmental impact of cities,11.6.2 Annual mean levels of fine particulate matter (e.g. PM2.5 and PM10) in cities (population weighted)
5. Sustainable Cities and Communities,11. Sustainable Cities and Communities,"11.7 Provide universal access to safe, inclusive and accessible, green and public spaces","11.7.1 Average share of the built-up area of cities that is open space for public use for all, by sex, age and persons with disabilities"
5. Sustainable Cities and Communities,11. Sustainable Cities and Communities,"11.7 Provide universal access to safe, inclusive and accessible, green and public spaces","11.7.2 Proportion of persons victim of physical or sexual harassment, by sex, age, disability status and place of occurrence, in the previous 12 months"
5. Sustainable Cities and Communities,11. Sustainable Cities and Communities,"11.a Support positive economic, social and environmental links between urban, peri-urban and rural areas",11.a.1 Number of countries that have national urban policies or regional development plans that (a) respond to population dynamics; (b) ensure balanced territorial development; and (c) increase local fiscal space
5. Sustainable Cities and Communities,11. Sustainable Cities and Communities,"11.b Increase adopting and implementing policies and plans towards inclusion, resource efficiency, mitigation and adaptation to climate change, resilience to disasters",11.b.1 Number of countries that adopt and implement national disaster risk reduction strategies in line with the Sendai Framework for Disaster Risk Reduction 2015–2030
5. Sustainable Cities and Communities,11. Sustainable Cities and Communities,"11.b Increase adopting and implementing policies and plans towards inclusion, resource efficiency, mitigation and adaptation to climate change, resilience to disasters",11.b.2 Proportion of local governments that adopt and implement local disaster risk reduction strategies in line with national disaster risk reduction strategies
5. Sustainable Cities and Communities,11. Sustainable Cities and Communities,11.c Support least developed countries,"No suitable replacement indicator was proposed. The global statistical community is encouraged to work to develop an indicator that could be proposed for the 2025 comprehensive review. See E/CN.3/2020/2, paragraph 23."
3. Energy Decarbonisation and Sustainable Industry,12. Responsible Consumption and Production,12.1 Implement the 10‑Year Framework of Programmes on Sustainable Consumption and Production Patterns,"12.1.1 Number of countries developing, adopting or implementing policy instruments aimed at supporting the shift to sustainable consumption and production"
3. Energy Decarbonisation and Sustainable Industry,12. Responsible Consumption and Production,12.2 Achieve the sustainable management and efficient use of natural resources,"12.2.1 Material footprint, material footprint per capita, and material footprint per GDP"
3. Energy Decarbonisation and Sustainable Industry,12. Responsible Consumption and Production,12.2 Achieve the sustainable management and efficient use of natural resources,"12.2.2 Domestic material consumption, domestic material consumption per capita, and domestic material consumption per GDP"
3. Energy Decarbonisation and Sustainable Industry,12. Responsible Consumption and Production,12.3 Halve per capita global food waste at the retail and consumer levels,12.3.1 (a) Food loss index and (b) food waste index
3. Energy Decarbonisation and Sustainable Industry,12. Responsible Consumption and Production,12.4 Achieve the environmentally sound management of chemicals and all wastes,"12.4.1 Number of parties to international multilateral environmental agreements on hazardous waste, and other chemicals that meet their commitments and obligations in transmitting information as required by each relevant agreement"
3. Energy Decarbonisation and Sustainable Industry,12. Responsible Consumption and Production,12.4 Achieve the environmentally sound management of chemicals and all wastes,"12.4.2 (a) Hazardous waste generated per capita; and (b) proportion of hazardous waste treated, by type of treatment"
3. Energy Decarbonisation and Sustainable Industry,12. Responsible Consumption and Production,"12.5 Reduce waste generation through prevention, reduction, recycling and reuse","12.5.1 National recycling rate, tons of material recycled"
3. Energy Decarbonisation and Sustainable Industry,12. Responsible Consumption and Production,12.6 Encourage companies to adopt sustainable practices and to integrate sustainability information into their reporting cycle,12.6.1 Number of companies publishing sustainability reports
3. Energy Decarbonisation and Sustainable Industry,12. Responsible Consumption and Production,"12.7 Promote public procurement practices that are sustainable, in accordance with national policies and priorities",12.7.1 Number of countries implementing sustainable public procurement policies and action plans3
3. Energy Decarbonisation and Sustainable Industry,12. Responsible Consumption and Production,12.8 Ensure access of relevant information and awareness for sustainable development and lifestyles in harmony with nature,12.8.1 Extent to which (i) global citizenship education and (ii) education for sustainable development are mainstreamed in (a) national education policies; (b) curricula; (c) teacher education; and (d) student assessment
3. Energy Decarbonisation and Sustainable Industry,12. Responsible Consumption and Production,12.a Support developing countries to strengthen their scientific and technological capacity,12.a.1 Installed renewable energy-generating capacity in developing countries (in watts per capita)
3. Energy Decarbonisation and Sustainable Industry,12. Responsible Consumption and Production,12.b Develop and implement tools to monitor sustainable development impacts for sustainable tourism,12.b.1 Implementation of standard accounting tools to monitor the economic and environmental aspects of tourism sustainability
3. Energy Decarbonisation and Sustainable Industry,12. Responsible Consumption and Production,12.c Rationalize inefficient fossil-fuel subsidies,12.c.1 Amount of fossil-fuel subsidies (production and consumption) per unit of GDP
"4. Sustainable Food, Land, Water, and Oceans",13. Climate Action,13.1 Strengthen resilience and adaptive capacity to climate-related hazards and natural disasters in all countries,"13.1.1 Number of deaths, missing persons and directly affected persons attributed to disasters per 100,000 population"
"4. Sustainable Food, Land, Water, and Oceans",13. Climate Action,13.1 Strengthen resilience and adaptive capacity to climate-related hazards and natural disasters in all countries,13.1.2 Number of countries that adopt and implement national disaster risk reduction strategies in line with the Sendai Framework for Disaster Risk Reduction 2015–2030
"4. Sustainable Food, Land, Water, and Oceans",13. Climate Action,13.1 Strengthen resilience and adaptive capacity to climate-related hazards and natural disasters in all countries,13.1.3 Proportion of local governments that adopt and implement local disaster risk reduction strategies in line with national disaster risk reduction strategies
"4. Sustainable Food, Land, Water, and Oceans",13. Climate Action,"13.2 Integrate climate change measures into national policies, strategies and planning","13.2.1 Number of countries with nationally determined contributions, long-term strategies, national adaptation plans and adaptation communications, as reported to the secretariat of the United Nations Framework Convention on Climate Change"
"4. Sustainable Food, Land, Water, and Oceans",13. Climate Action,13.2.2 Total greenhouse gas emissions per year,
"4. Sustainable Food, Land, Water, and Oceans",13. Climate Action,"13.3 Improve education, awareness-raising and human and institutional capacity on climate change mitigation, adaptation, impact reduction and early warning",13.3.1 Extent to which (i) global citizenship education and (ii) education for sustainable development are mainstreamed in (a) national education policies; (b) curricula; (c) teacher education; and (d) student assessment
"4. Sustainable Food, Land, Water, and Oceans",13. Climate Action,13.a Implement the commitment undertaken by developed-country parties to the United Nations Framework Convention on Climate Change,13.a.1 Amounts provided and mobilized in United States dollars per year in relation to the continued existing collective mobilization goal of the $100 billion commitment through to 2025
"4. Sustainable Food, Land, Water, and Oceans",13. Climate Action,13.b Raise capacity for effective climate change-related planning and management in least developed countries,"13.b.1 Number of least developed countries and small island developing States with nationally determined contributions, long-term strategies, national adaptation plans and adaptation communications, as reported to the secretariat of the United Nations Framework Convention on Climate Change"
"4. Sustainable Food, Land, Water, and Oceans",14. LIfe below Water,14.1 Prevent and significantly reduce marine pollution of all kinds,14.1.1 (a) Index of coastal eutrophication; and (b) plastic debris density
"4. Sustainable Food, Land, Water, and Oceans",14. LIfe below Water,14.2 Manage and protect marine and coastal ecosystems,14.2.1 Number of countries using ecosystem-based approaches to managing marine areas
"4. Sustainable Food, Land, Water, and Oceans",14. LIfe below Water,14.3 Minimize and address the impacts of ocean acidification,14.3.1 Average marine acidity (pH) measured at agreed suite of representative sampling stations
"4. Sustainable Food, Land, Water, and Oceans",14. LIfe below Water,"14.4 Regulate harvesting and end overfishing, illegal, unreported and unregulated fishing and destructive fishing practices",14.4.1 Proportion of fish stocks within biologically sustainable levels
"4. Sustainable Food, Land, Water, and Oceans",14. LIfe below Water,14.5 Conserve at least 10 per cent of coastal and marine areas,14.5.1 Coverage of protected areas in relation to marine areas
"4. Sustainable Food, Land, Water, and Oceans",14. LIfe below Water,14.6 Prohibit certain forms of fisheries subsidies which contribute to overcapacity and overfishing,"14.6.1 Degree of implementation of international instruments aiming to combat illegal, unreported and unregulated fishing"
"4. Sustainable Food, Land, Water, and Oceans",14. LIfe below Water,14.7 Increase the economic benefits to small island developing States,"14.7.1 Sustainable fisheries as a proportion of GDP in small island developing States, least developed countries and all countries"
"4. Sustainable Food, Land, Water, and Oceans",14. LIfe below Water,"14.a Increase scientific knowledge, develop research capacity and transfer marine technology to improve ocean health",14.a.1 Proportion of total research budget allocated to research in the field of marine technology
"4. Sustainable Food, Land, Water, and Oceans",14. LIfe below Water,14.b Provide access for small-scale artisanal fishers to marine resources and markets,14.b.1 Degree of application of a legal/regulatory/ policy/institutional framework which recognizes and protects access rights for small-scale fisheries
"4. Sustainable Food, Land, Water, and Oceans",14. LIfe below Water,14.c Enhance the conservation and sustainable use of oceans and their resources by implementing international law,"14.c.1 Number of countries making progress in ratifying, accepting and implementing through legal, policy and institutional frameworks, ocean-related instruments that implement international law, as reflected in the United Nations Convention on the Law of the Sea, for the conservation and sustainable use of the oceans and their resources"
"4. Sustainable Food, Land, Water, and Oceans",15. Life on Land,"15.1 Ensure the conservation, restoration and sustainable use of terrestrial and inland freshwater ecosystems",15.1.1 Forest area as a proportion of total land area
"4. Sustainable Food, Land, Water, and Oceans",15. Life on Land,"15.1 Ensure the conservation, restoration and sustainable use of terrestrial and inland freshwater ecosystems","15.1.2 Proportion of important sites for terrestrial and freshwater biodiversity that are covered by protected areas, by ecosystem type"
"4. Sustainable Food, Land, Water, and Oceans",15. Life on Land,15.2 Promote the implementation of sustainable management of all types of forests,15.2.1 Progress towards sustainable forest management
"4. Sustainable Food, Land, Water, and Oceans",15. Life on Land,"15.3 Combat desertification, restore degraded land and soil",15.3.1 Proportion of land that is degraded over total land area
"4. Sustainable Food, Land, Water, and Oceans",15. Life on Land,15.4 Ensure the conservation of mountain ecosystems,15.4.1 Coverage by protected areas of important sites for mountain biodiversity
"4. Sustainable Food, Land, Water, and Oceans",15. Life on Land,15.4 Ensure the conservation of mountain ecosystems,15.4.2 Mountain Green Cover Index
"4. Sustainable Food, Land, Water, and Oceans",15. Life on Land,"15.5 Reduce the degradation of natural habitats, halt the loss of biodiversity",15.5.1 Red List Index
"4. Sustainable Food, Land, Water, and Oceans",15. Life on Land,15.6 Promote fair and equitable sharing of the benefits arising from the utilization of genetic resources,"15.6.1 Number of countries that have adopted legislative, administrative and policy frameworks to ensure fair and equitable sharing of benefits"
"4. Sustainable Food, Land, Water, and Oceans",15. Life on Land,15.7 Take urgent action to end poaching and trafficking of protected species of flora and fauna,15.7.1 Proportion of traded wildlife that was poached or illicitly trafficked
"4. Sustainable Food, Land, Water, and Oceans",15. Life on Land,15.8 Introduce measures to prevent the introduction and significantly reduce the impact of invasive alien species,15.8.1 Proportion of countries adopting relevant national legislation and adequately resourcing the prevention or control of invasive alien species
"4. Sustainable Food, Land, Water, and Oceans",15. Life on Land,15.9 Integrate ecosystem and biodiversity values into national and local planning,"15.9.1 (a) Number of countries that have established national targets in accordance with or similar to Aichi Biodiversity Target 2 of the Strategic Plan for Biodiversity 2011–2020 in their national biodiversity strategy and action plans and the progress reported towards these targets; and (b) integration of biodiversity into national accounting and reporting systems, defined as implementation of the System of Environmental-Economic Accounting"
"4. Sustainable Food, Land, Water, and Oceans",15. Life on Land,15.a Mobilize and increase financial resources from all sources to conserve and sustainably use biodiversity and ecosystems,15.a.1 (a) Official development assistance on conservation and sustainable use of biodiversity; and (b) revenue generated and finance mobilized from biodiversity-relevant economic instruments
"4. Sustainable Food, Land, Water, and Oceans",15. Life on Land,15.b Mobilize resources to finance sustainable forest management,15.b.1 (a) Official development assistance on conservation and sustainable use of biodiversity; and (b) revenue generated and finance mobilized from biodiversity-relevant economic instruments
"4. Sustainable Food, Land, Water, and Oceans",15. Life on Land,15.c Enhance global support for efforts to combat poaching and trafficking of protected species,15.c.1 Proportion of traded wildlife that was poached or illicitly trafficked
Other,"16. Peace, Justice and Strong Institutions",16.1 Reduce all forms of violence and related death rates everywhere,"16.1.1 Number of victims of intentional homicide per 100,000 population, by sex and age"
Other,"16. Peace, Justice and Strong Institutions",16.1 Reduce all forms of violence and related death rates everywhere,"16.1.2 Conflict-related deaths per 100,000 population, by sex, age and cause"
Other,"16. Peace, Justice and Strong Institutions",16.1 Reduce all forms of violence and related death rates everywhere,"16.1.3 Proportion of population subjected to (a) physical violence, (b) psychological violence and (c) sexual violence in the previous 12 months"
Other,"16. Peace, Justice and Strong Institutions",16.1 Reduce all forms of violence and related death rates everywhere,16.1.4 Proportion of population that feel safe walking alone around the area they live after dark
Other,"16. Peace, Justice and Strong Institutions","16.2 End abuse, exploitation, trafficking and all forms of violence against and torture of children",16.2.1 Proportion of children aged 1–17 years who experienced any physical punishment and/or psychological aggression by caregivers in the past month
Other,"16. Peace, Justice and Strong Institutions","16.2 End abuse, exploitation, trafficking and all forms of violence against and torture of children","16.2.2 Number of victims of human trafficking per 100,000 population, by sex, age and form of exploitation"
Other,"16. Peace, Justice and Strong Institutions","16.2 End abuse, exploitation, trafficking and all forms of violence against and torture of children",16.2.3 Proportion of young women and men aged 18–29 years who experienced sexual violence by age 18
Other,"16. Peace, Justice and Strong Institutions",16.3 Promote the rule of law at the national and international levels and ensure equal access to justice for all,16.3.1 Proportion of victims of violence in the previous 12 months who reported their victimization to competent authorities or other officially recognized conflict resolution mechanisms
Other,"16. Peace, Justice and Strong Institutions",16.3 Promote the rule of law at the national and international levels and ensure equal access to justice for all,16.3.2 Unsentenced detainees as a proportion of overall prison population
Other,"16. Peace, Justice and Strong Institutions",16.3 Promote the rule of law at the national and international levels and ensure equal access to justice for all,"16.3.3 Proportion of the population who have experienced a dispute in the past two years and who accessed a formal or informal dispute resolution mechanism, by type of mechanism"
Other,"16. Peace, Justice and Strong Institutions","16.4 Reduce illicit financial and arms flows, strengthen the recovery and return of stolen assets and combat all forms of organized crime",16.4.1 Total value of inward and outward illicit financial flows (in current United States dollars)
Other,"16. Peace, Justice and Strong Institutions","16.4 Reduce illicit financial and arms flows, strengthen the recovery and return of stolen assets and combat all forms of organized crime","16.4.2 Proportion of seized, found or surrendered arms whose illicit origin or context has been traced or established by a competent authority in line with international instruments"
Other,"16. Peace, Justice and Strong Institutions",16.5 Substantially reduce corruption and bribery in all their forms,"16.5.1 Proportion of persons who had at least one contact with a public official and who paid a bribe to a public official, or were asked for a bribe by those public officials, during the previous 12 months"
Other,"16. Peace, Justice and Strong Institutions",16.5 Substantially reduce corruption and bribery in all their forms,"16.5.2 Proportion of businesses that had at least one contact with a public official and that paid a bribe to a public official, or were asked for a bribe by those public officials during the previous 12 months"
Other,"16. Peace, Justice and Strong Institutions","16.6 Develop effective, accountable and transparent institutions at all levels","16.6.1 Primary government expenditures as a proportion of original approved budget, by sector (or by budget codes or similar)"
Other,"16. Peace, Justice and Strong Institutions","16.6 Develop effective, accountable and transparent institutions at all levels",16.6.2 Proportion of population satisfied with their last experience of public services
Other,"16. Peace, Justice and Strong Institutions","16.7 Ensure responsive, inclusive, participatory and representative decision-making at all levels","16.7.1 Proportions of positions in national and local institutions, including (a) the legislatures; (b) the public service; and (c) the judiciary, compared to national distributions, by sex, age, persons with disabilities and population groups"
Other,"16. Peace, Justice and Strong Institutions","16.7 Ensure responsive, inclusive, participatory and representative decision-making at all levels","16.7.2 Proportion of population who believe decision-making is inclusive and responsive, by sex, age, disability and population group"
Other,"16. Peace, Justice and Strong Institutions",16.8 Broaden and strengthen the participation of developing countries in the institutions of global governance,16.8.1 Proportion of members and voting rights of developing countries in international organizations
Other,"16. Peace, Justice and Strong Institutions","16.9 Provide legal identity for all, including birth registration","16.9.1 Proportion of children under 5 years of age whose births have been registered with a civil authority, by age"
Other,"16. Peace, Justice and Strong Institutions","16.10 Ensure public access to information and protect fundamental freedoms, in accordance with national legislation and international agreements","16.10.1 Number of verified cases of killing, kidnapping, enforced disappearance, arbitrary detention and torture of journalists, associated media personnel, trade unionists and human rights advocates in the previous 12 months"
Other,"16. Peace, Justice and Strong Institutions","16.10 Ensure public access to information and protect fundamental freedoms, in accordance with national legislation and international agreements","16.10.2 Number of countries that adopt and implement constitutional, statutory and/or policy guarantees for public access to information"
Other,"16. Peace, Justice and Strong Institutions",16.a Strengthen relevant national institutions for building capacity to prevent violence and combat terrorism and crime,16.a.1 Existence of independent national human rights institutions in compliance with the Paris Principles
Other,"16. Peace, Justice and Strong Institutions",16.b Promote and enforce non-discriminatory laws and policies for sustainable development,16.b.1 Proportion of population reporting having personally felt discriminated against or harassed in the previous 12 months on the basis of a ground of discrimination prohibited under international human rights law
Other,17. Partnerships for the Goals,17.1 Strengthen domestic resource mobilization to improve domestic capacity for tax and other revenue collection,"17.1.1 Total government revenue as a proportion of GDP, by source"
Other,17. Partnerships for the Goals,17.1 Strengthen domestic resource mobilization to improve domestic capacity for tax and other revenue collection,17.1.2 Proportion of domestic budget funded by domestic taxes
Other,17. Partnerships for the Goals,17.2 Developed countries to implement fully their official development assistance commitments,"17.2.1 Net official development assistance, total and to least developed countries, as a proportion of the Organization for Economic Cooperation and Development (OECD) Development Assistance Committee donors’ gross national income (GNI)"
Other,17. Partnerships for the Goals,17.3 Mobilize additional financial resources for developing countries from multiple sources,17.3.1 Additional financial resources mobilized for developing countries from multiple sources
Other,17. Partnerships for the Goals,17.3 Mobilize additional financial resources for developing countries from multiple sources,17.3.2 Volume of remittances (in United States dollars) as a proportion of total GDP
Other,17. Partnerships for the Goals,17.4 Assist developing countries in attaining long-term debt sustainability,17.4.1 Debt service as a proportion of exports of goods and services
Other,17. Partnerships for the Goals,17.5 Adopt and implement investment promotion regimes for least developed countries,"17.5.1 Number of countries that adopt and implement investment promotion regimes for developing countries, including the least developed countries"
Other,17. Partnerships for the Goals,"17.6 Enhance North-South, South-South and triangular regional and international cooperation on and access to science, technology and innovation","17.6.1 Fixed Internet broadband subscriptions per 100 inhabitants, by speed6"
Other,17. Partnerships for the Goals,"17.7 Promote the development, transfer, dissemination and diffusion of environmentally sound technologies to developing countries on favourable terms, including on concessional and preferential terms, as mutually agreed","17.7.1 Total amount of funding for developing countries to promote the development, transfer, dissemination and diffusion of environmentally sound technologies"
Other,17. Partnerships for the Goals,"17.8 Fully operationalize the technology bank and science, technology and innovation capacity-building mechanism for least developed countries",17.8.1 Proportion of individuals using the Internet
Other,17. Partnerships for the Goals,17.9 Enhance international support for implementing effective and targeted capacity-building in developing countries,"17.9.1 Dollar value of financial and technical assistance (including through North-South, South‑South and triangular cooperation) committed to developing countries"
Other,17. Partnerships for the Goals,"17.10 Promote a universal, rules-based, open, non‑discriminatory and equitable multilateral trading system",17.10.1 Worldwide weighted tariff-average
Other,17. Partnerships for the Goals,17.11 Significantly increase the exports of developing countries,17.11.1 Developing countries’ and least developed countries’ share of global exports
Other,17. Partnerships for the Goals,17.12 Realize timely implementation of duty-free and quota-free market access on a lasting basis for all least developed countries,"17.12.1 Weighted average tariffs faced by developing countries, least developed countries and small island developing States"
Other,17. Partnerships for the Goals,"17.13 Enhance global macroeconomic stability, including through policy coordination and policy coherence",17.13.1 Macroeconomic Dashboard
Other,17. Partnerships for the Goals,17.14 Enhance policy coherence for sustainable development,17.14.1 Number of countries with mechanisms in place to enhance policy coherence of sustainable development
Other,17. Partnerships for the Goals,17.15 Respect each country’s policy space and leadership to establish and implement policies for poverty eradication and sustainable development,17.15.1 Extent of use of country-owned results frameworks and planning tools by providers of development cooperation
Other,17. Partnerships for the Goals,"17.16 Enhance the Global Partnership for Sustainable Development, complemented by multi-stakeholder partnerships that mobilize and share knowledge, expertise, technology and financial resources, to support the achievement of the Sustainable Development Goals in all countries, in particular developing countries",17.16.1 Number of countries reporting progress in multi-stakeholder development effectiveness monitoring frameworks that support the achievement of the sustainable development goals
Other,17. Partnerships for the Goals,"17.17 Encourage and promote effective public, public-private and civil society partnerships",17.17.1 Amount in United States dollars committed to public-private partnerships for infrastructure
Other,17. Partnerships for the Goals,17.18 Enhance capacity-building support to developing countries,17.18.1 Statistical capacity indicator for Sustainable Development Goal monitoring
Other,17. Partnerships for the Goals,17.18 Enhance capacity-building support to developing countries,17.18.2 Number of countries that have national statistical legislation that complies with the Fundamental Principles of Official Statistics
Other,17. Partnerships for the Goals,17.18 Enhance capacity-building support to developing countries,"17.18.3 Number of countries with a national statistical plan that is fully funded and under implementation, by source of funding"
Other,17. Partnerships for the Goals,17.19 Build on existing initiatives to develop measurements of progress on sustainable development,17.19.1 Dollar value of all resources made available to strengthen statistical capacity in developing countries
Other,17. Partnerships for the Goals,17.19 Build on existing initiatives to develop measurements of progress on sustainable development,17.19.2 Proportion of countries that (a) have conducted at least one population and housing census in the last 10 years; and (b) have achieved 100 per cent birth registration and 80 per cent death registration